# Models downloaded by the ComfyUI step, one per line:
#
#   set <tab> target directory <tab> SHA-256 <tab> URL
#
# The set is what COMFYUI_MODEL_SETS selects; the target
# directory is relative to ComfyUI's models/ folder; the
# SHA-256 is the one Hugging Face publishes for the file
# (x-linked-etag), verified after the download.
#
# qwen  - Qwen-Image-Edit-2511 (Apache 2.0), 20B in a 4-bit
#         GGUF + its Qwen2.5-VL text encoder, VAE and the
#         4-step Lightning LoRA. ~22 GB. Instruction image
#         editing that keeps characters consistent; used by
#         comic-skills (INPAINT=qwen) to erase text over art.
# klein - FLUX.2 klein 4B distilled (Apache 2.0) + its
#         Qwen3-4B text encoder and VAE. ~12 GB. Three times
#         faster than qwen, lower quality on detailed art.
qwen	unet	8677bac90627adbbc11efab87b1870e701c4eb3689ee865a3de8ab81b705a723	https://huggingface.co/unsloth/Qwen-Image-Edit-2511-GGUF/resolve/main/qwen-image-edit-2511-Q4_K_M.gguf
qwen	text_encoders	cb5636d852a0ea6a9075ab1bef496c0db7aef13c02350571e388aea959c5c0b4	https://huggingface.co/Comfy-Org/Qwen-Image_ComfyUI/resolve/main/split_files/text_encoders/qwen_2.5_vl_7b_fp8_scaled.safetensors
qwen	vae	a70580f0213e67967ee9c95f05bb400e8fb08307e017a924bf3441223e023d1f	https://huggingface.co/Comfy-Org/Qwen-Image_ComfyUI/resolve/main/split_files/vae/qwen_image_vae.safetensors
qwen	loras	22226e8d05d354bb356627d428809f5afd7819399b077238a2b70a82883a904f	https://huggingface.co/lightx2v/Qwen-Image-Edit-2511-Lightning/resolve/main/Qwen-Image-Edit-2511-Lightning-4steps-V1.0-bf16.safetensors
klein	diffusion_models	97ed34fe0567e436200f2faee3939b88f2b5d99f8af2a4dc16532c4245c0ccb6	https://huggingface.co/black-forest-labs/FLUX.2-klein-4b-fp8/resolve/main/flux-2-klein-4b-fp8.safetensors
klein	text_encoders	6c671498573ac2f7a5501502ccce8d2b08ea6ca2f661c458e708f36b36edfc5a	https://huggingface.co/Comfy-Org/vae-text-encorder-for-flux-klein-4b/resolve/main/split_files/text_encoders/qwen_3_4b.safetensors
klein	vae	d64f3a68e1cc4f9f4e29b6e0da38a0204fe9a49f2d4053f0ec1fa1ca02f9c4b5	https://huggingface.co/Comfy-Org/flux2-dev/resolve/main/split_files/vae/flux2-vae.safetensors
